gene,HRD,HR_proficient,BRCA1,BRCA2,HRD_BRCApos,HR_BRCA_proficient
RSPH1,-0.886756918,0.107801821,-1.148453248,-0.336539917,-0.703765021,0.120163642
UBXN10,-0.871947604,0.106001473,-1.266619134,0.002090077,-0.735752729,0.116776072
PHYHD1,-0.834823573,0.101488356,-0.821897698,-0.44116692,-0.80585451,0.105129913
ANKRD30A,-0.82292491,0.100041852,-1.122518794,-0.461528061,-0.610035777,0.119534811
ATP1A4,-0.770038723,0.093612551,-1.015435323,-0.34965601,-0.681237101,0.110475362
CBFA2T3,-0.767500899,0.093304031,-0.551471714,-0.440576964,-0.852716826,0.087924032
LRRC56,-0.757875843,0.092133926,-0.870737047,-0.335142378,-0.781534445,0.103592498
DALRD3,-0.72855781,0.088569773,-0.985169382,-0.485302215,-0.581446914,0.109717759
LRRC6,-0.711118724,0.086449727,-1.033815474,-0.067128543,-0.684336923,0.101125021
FAM174A,-0.655598188,0.079700172,-1.026449176,-0.0843018,-0.596418747,0.097914652
CRACR2B,-0.655406521,0.079676871,-0.589512288,-0.552365301,-0.824535041,0.093775624
CACNA1D,-0.647038694,0.078659606,-0.799738422,-0.323085265,-0.612513597,0.091717882
LYRM9,-0.644597844,0.078362875,-0.980044005,-0.206267432,-0.428989059,0.092928684
VAV3,-0.618475961,0.075187274,-0.789631385,-0.023621533,-0.986528566,0.093847596
PNPLA2,-0.601760052,0.073155144,-0.848699007,-0.275496439,-0.588806912,0.092437332
GSC,-0.597816742,0.072675761,-0.330225868,-0.46572053,-0.773774,0.070357318
PRR15L,-0.58839676,0.071530587,-1.021837649,0.210745244,-0.613107941,0.086992403
SIRT3,-0.585390219,0.071165085,-0.699832809,-0.433307091,-0.656444375,0.090580012
DTWD2,-0.581979038,0.070750393,-0.894814314,-0.111744271,-0.647929204,0.09168797
SPA17,-0.563497518,0.06850362,-0.775593254,-0.217694686,-0.569108073,0.08435875
SYTL1,-0.558308319,0.067872776,-0.47504865,-0.06289253,-0.864234497,0.068621475
C20orf96,-0.546583955,0.066447461,-0.77390363,-0.257243981,-0.512550721,0.083592638
FMOD,-0.521104522,0.063349962,-0.572460792,-0.282185228,-0.66232471,0.076115865
PGAP3,-0.516253491,0.062760228,-0.835131042,-0.01390081,-0.447597845,0.076148419
SYNE4,-0.513882917,0.062472041,-0.722640286,-0.54546038,-0.121107787,0.076066543
TCN1,-0.512756025,0.062335046,-0.588631294,-0.324878252,-0.369071243,0.067709691
NEK8,-0.508612103,0.061831275,-0.693597343,-0.208266906,-0.387776281,0.071344143
PDCD4,-0.488993841,0.05944631,-0.614483696,-0.047842508,-0.674758841,0.070613938
IRF7,-0.487435488,0.059256863,-0.443790576,-0.511800275,-0.532784304,0.070901357
MXRA8,-0.48702815,0.059207344,-0.748523843,0.195632188,-0.449775269,0.062178463
KLHDC9,-0.485672011,0.05904248,-1.089575337,0.118630451,-0.152532486,0.077713979
FHIT,-0.482166993,0.05861638,-0.614015909,-0.265416328,-0.510064783,0.072594585
ZBTB18,-0.479081664,0.0582413,-0.232947707,-0.625277696,-0.686448814,0.066284516
IRS1,-0.478465212,0.058166359,-0.669827919,-0.133948882,-0.482810198,0.070465731
SLC25A29,-0.468999111,0.057015578,-0.536252692,-0.569859475,-0.300500436,0.070752871
ZNF583,-0.444174923,0.053997736,-0.596323442,-0.058356961,-0.614114338,0.067431413
ME3,-0.441451326,0.053666632,-0.310317332,-0.688470147,-0.328767594,0.060498244
AZGP1,-0.428936254,0.052145192,-0.906373236,0.03542186,-0.047465438,0.064031846
RBCK1,-0.420601161,0.051131906,-0.571609553,-0.410389396,-0.374433539,0.069975892
BRCA1,-0.412495942,0.050146565,-1.483269526,0.52629833,0.28366071,0.073196817
TMEM218,-0.410820972,0.049942942,-0.541329169,-0.031961411,-0.739724203,0.067351799
APEH,-0.393345994,0.047818533,-0.564053576,-0.443563422,-0.291232362,0.067541072
MEGF6,-0.378647871,0.046031702,-0.264179617,-0.366167611,-0.55201487,0.053490488
ZNF10,-0.370161814,0.045000064,-0.28092719,-0.347854599,-0.48717099,0.051498873
CXCL17,-0.367886026,0.044723399,-0.533730154,-0.487133191,0.055932778,0.053854435
FRZB,-0.363166323,0.044149631,-0.585663809,0.225934647,-0.580006214,0.054560307
PCDH1,-0.363098561,0.044141394,-0.86083733,0.267283447,-0.361389391,0.063962564
PHF11,-0.356716366,0.043365519,-0.280654688,-0.797316649,-0.174458851,0.05668667
RNH1,-0.348366962,0.042350493,-0.421895595,-0.386350106,-0.45016159,0.061443022
BET1L,-0.344923449,0.04193187,-0.41157043,-0.490635078,-0.324783712,0.059915675
ZSWIM7,-0.343372662,0.041743343,-0.393070957,-0.074223249,-0.651141726,0.055189214
IP6K2,-0.337032623,0.040972593,-0.361294392,-0.514565153,-0.26536501,0.05503803
KDM6B,-0.332134108,0.040377088,-0.505421624,-0.349780326,-0.237233984,0.057801661
TTC19,-0.329045419,0.0400016,-0.304593397,-0.050734442,-0.785046622,0.053187593
DZANK1,-0.324912418,0.039499157,-0.702789881,-0.163836324,-0.023959623,0.056444427
CTR9,-0.32343337,0.039319351,-0.582972841,-0.015628666,-0.413707204,0.057237337
FAM110A,-0.322398652,0.039193562,-0.512690887,0.034755536,-0.479290819,0.052886476
N4BP2L2,-0.320284462,0.038936542,-0.263370641,-0.849830706,-0.109456607,0.054998861
FRG1,-0.276929814,0.033665977,-0.47243347,-0.022045464,-0.321198567,0.046206028
PLA2G6,-0.274938263,0.033423867,-0.148322851,-0.694082648,-0.148642404,0.042491134
INPP5K,-0.271893053,0.033053665,-0.257104531,-0.198833658,-0.486642884,0.044133693
COG3,-0.256593027,0.031193662,-0.324052983,-0.472737782,-0.148540135,0.04638504
RIC8A,-0.256199873,0.031145867,-0.300161039,-0.404964143,-0.313389134,0.048405508
ASCL2,-0.255857689,0.031104268,-0.168702765,-0.275128783,-0.510029629,0.04172867
CNFN,-0.247336068,0.030068306,-0.029327378,-0.487762235,-0.361250745,0.034384178
ZNF605,-0.242733204,0.029508742,-0.441546619,-0.022095592,-0.429687571,0.048172368
MAP9,-0.239391461,0.029102491,-0.537227704,-0.174903442,0.021575172,0.043519452
ZNF718,-0.214076859,0.02602503,-0.160154282,-0.069621714,-0.568005235,0.035511647
ALS2CL,-0.209565483,0.025476588,0.123449912,-0.329973747,-0.612251678,0.027217507
ODF3B,-0.200077897,0.024323195,0.194220092,-0.931583444,-0.174818966,0.028504895
TSSC4,-0.190466002,0.02315469,-0.208110019,-0.181891714,-0.344081538,0.034623933
SORBS2,-0.190063913,0.023105809,0.114595018,-0.264850589,-0.532382099,0.022317827
NPTXR,-0.185713215,0.022576901,0.132901997,-0.228875102,-0.571657951,0.021159435
PPFIBP2,-0.169733442,0.020634262,-0.342584314,-0.078006049,-0.112484574,0.03128211
STK11IP,-0.163867301,0.019921123,-0.250130216,-0.167504316,-0.238097803,0.032987972
TMEM120A,-0.136946557,0.016648405,-0.285114653,-0.422235676,0.011942255,0.035620417
TACC2,-0.124223334,0.01510166,-0.142503519,-0.446033643,0.015252901,0.02639771
NADK2,-0.121416876,0.014760483,-0.298813863,-0.374550159,0.031404452,0.034024556
UNC119,-0.120389464,0.014635582,-0.472093318,0.049854088,-0.066954089,0.03376386
EBPL,-0.118648017,0.014423877,0.086617835,-0.686186785,-0.077704885,0.023010656
GABARAP,-0.108115605,0.013143466,0.166853892,-0.34530277,-0.439675105,0.018185758
PCDHB4,-0.107580331,0.013078393,-0.549141718,0.622287369,-0.10144278,0.018685196
BCKDHA,-0.096265929,0.011702917,-0.011813422,-0.364216717,-0.387655116,0.029456983
AREG,-0.092965828,0.011301728,-0.424933923,0.469814293,-0.093916045,0.015492226
RABGAP1L,-0.085345391,0.010375322,-0.354044203,0.054102689,-0.079047152,0.025782549
SPIDR,-0.079476437,0.009661841,-0.147569123,-0.235858226,-0.154437868,0.025211513
ZNF419,-0.072000035,0.008752945,-0.326290448,-0.338667913,0.186118961,0.028694581
F12,-0.070938768,0.008623929,0.394491131,-0.671317098,-0.299236914,0.009285244
SH3YL1,-0.069388479,0.008435462,-0.208313732,-0.084304783,0.009197402,0.017470984
TMEM198,-0.062118075,0.007551609,-0.174812648,-0.161042427,0.376127235,0.004071806
BOLA2B,-0.057059171,0.006936605,-0.463254646,0.027501689,0.498425223,0.012467538
FOXRED1,-0.052427475,0.006373536,0.139076872,-0.367886281,-0.351558829,0.017638811
PCP4,-0.042966352,0.00522336,0.266884907,-0.309503725,-0.424762396,0.009238646
GLB1L2,-0.04265704,0.005185758,0.220277885,-0.16970403,-0.304772916,0.002615904
SAMD12,-0.020523874,0.002495059,-0.400755327,0.51663801,-0.14815792,0.014078787
PRKCZ,-0.011565507,0.001406003,0.215843255,0.060539633,-0.544928537,0.003304359
YWHAE,-0.006718085,0.000816708,0.151043206,-0.321006038,-0.303637027,0.013189792
MTRNR2L12,0.024760879,-0.003010146,-0.062479563,0.470987039,0.164336634,-0.019808347
DCUN1D5,0.034653337,-0.004212759,0.069265863,-0.476616072,0.115874938,0.008877307
SLC4A11,0.045338443,-0.005511732,0.232860627,-0.233610722,-0.202980012,0.000290786
EXOSC8,0.046622586,-0.005667844,0.266259424,-0.593488963,-0.018981371,0.004645003
THOC3,0.062620876,-0.007612734,0.243904228,-0.408192319,-0.044572625,0.000132036
TRAF4,0.069201064,-0.008412678,-0.274240048,0.097861597,0.166276395,0.009177916
CPNE7,0.073859069,-0.008978946,0.207934486,0.184342284,-0.092474249,-0.018082565
LRRC37A3,0.092271164,-0.011217279,-0.175876544,0.398056929,0.165299421,-0.009114412
FMNL1,0.135512711,-0.016474094,-0.024429517,0.406096588,0.15349278,-0.019593517
SLC39A11,0.138168407,-0.016796944,-0.452159316,0.72450314,0.070207508,0.001455058
JUP,0.152389255,-0.018525753,-0.252599099,0.532493152,0.237576735,-0.011603927
PPIL3,0.153025923,-0.018603151,0.128399064,0.377234967,-0.23816772,-0.014301092
ARPIN,0.156291338,-0.019000123,0.125286257,0.048188724,0.322241734,-0.02289218
FBXO2,0.159564593,-0.019398049,0.375411308,-0.106710441,0.15802896,-0.028285466
TMEM191B,0.162504389,-0.019755436,0.204500806,0.551187746,-0.181134038,-0.028433965
BRCA2,0.178223626,-0.021666402,0.84623689,-1.305938424,0.147528835,-0.015247513
LRRC8E,0.184389597,-0.02241599,-0.128901096,0.538619995,0.115478772,-0.015864405
CD40,0.191816521,-0.023318871,0.079536349,-0.018524469,0.581073013,-0.026998386
SIMC1,0.193954366,-0.023578766,0.527477864,-0.164988119,-0.209045815,-0.022755672
PTGES,0.198108378,-0.024083764,-0.017827544,0.390729984,0.219971448,-0.022002732
NCF1,0.199916414,-0.024303564,0.452096659,-0.005427024,0.003200596,-0.031625413
JAG2,0.205280482,-0.024955666,0.229423408,0.39290314,0.048744996,-0.032908084
SOCS3,0.235289556,-0.028603828,0.205695944,0.067334253,0.440674999,-0.033770609
TPD52,0.235909147,-0.028679151,-0.163702224,0.436544387,0.515578999,-0.024771075
ACLY,0.236469288,-0.028747247,-0.195729925,0.669293939,0.250119552,-0.021279176
C1orf210,0.245017773,-0.029786474,0.224142716,0.041366256,0.22432267,-0.025837845
HDDC3,0.245143753,-0.02980179,0.122183848,0.214752661,0.407663623,-0.032269227
MIF4GD,0.247733598,-0.030116634,-0.225518469,0.643569011,0.336933404,-0.021515831
TMUB2,0.24839524,-0.030197068,-0.132184919,0.652080827,0.220732249,-0.023961876
BAALC,0.26045087,-0.031662655,0.13654055,0.532410911,0.240678109,-0.039013248
PECR,0.263869622,-0.032078268,0.0087958,0.471316433,0.146835349,-0.024153781
SNX10,0.27282377,-0.033166811,0.236172182,0.197833403,0.480164806,-0.042380746
TMEM241,0.279327314,-0.033957438,-0.038146857,0.341802402,0.356921957,-0.023929104
CANT1,0.281605344,-0.034234375,-0.243976079,0.789243136,0.217574315,-0.021223184
VLDLR,0.283878685,-0.034510742,0.533062438,-0.583502383,0.179801838,-0.022017786
NFATC1,0.296492002,-0.036044126,0.87919146,-0.305390296,-0.298016811,-0.038691315
GBP4,0.316522099,-0.038479157,0.205379094,0.070483543,0.271083614,-0.02741091
CITED4,0.323448609,-0.039321203,0.390158929,0.15739033,0.23545481,-0.042323888
CARD14,0.327322474,-0.039792144,-0.039582966,0.37797067,0.423812997,-0.027752477
CD44,0.32786536,-0.039858142,0.325097934,0.074355714,0.429555395,-0.041989456
ANPEP,0.333841919,-0.040584704,0.345819838,0.317421621,0.292974,-0.047497417
ARMC7,0.335775397,-0.040819754,-0.085671553,0.676955331,0.322813498,-0.032058323
LAG3,0.340752139,-0.04142477,0.603782177,-0.367097096,0.360805493,-0.042109891
GDPGP1,0.34554877,-0.04200789,0.326265703,0.330832796,0.323990054,-0.047817503
MT1G,0.360424364,-0.043816295,0.847981637,-0.182247787,0.063295962,-0.054948442
IRS2,0.364364934,-0.044295345,0.576825195,0.142481275,0.338652016,-0.058778385
KIF1A,0.364763412,-0.044343787,1.013003583,-0.159635921,-0.067296638,-0.062411637
SLC25A23,0.373559523,-0.045413118,0.106279954,0.428875329,0.33419172,-0.036509163
RASL12,0.380185483,-0.046218627,0.461663264,0.401869361,0.170209094,-0.054163737
FXYD5,0.383110945,-0.046574272,0.763731134,-0.177270201,0.106668943,-0.050880092
SENP2,0.384641795,-0.046760375,0.179527142,0.281268123,0.511609483,-0.042781813
MAL2,0.386467563,-0.046982331,0.105914143,0.406925733,0.388747467,-0.037725022
SMKR1,0.390746541,-0.047502521,0.498656019,0.260134804,0.319720175,-0.05705452
TOP3B,0.393688757,-0.047860202,0.319736774,0.491586006,0.220382252,-0.049535439
ACAN,0.393837501,-0.047878284,1.011762334,-0.068033344,-0.026444227,-0.067367952
ATP6V1C1,0.396119802,-0.048155741,0.07077648,0.568423385,0.379696224,-0.041065029
PODXL,0.397883053,-0.048370097,0.138711315,0.285687498,0.618847324,-0.044170456
SYK,0.409017853,-0.049723739,0.484844485,0.690921443,-0.231487728,-0.051500596
NGRN,0.413650845,-0.050286966,0.433846759,0.108934698,0.475159362,-0.052670188
ING1,0.415188089,-0.050473846,0.492377852,0.357260003,0.292468927,-0.059274698
FN3K,0.417235267,-0.050722719,0.063983065,0.644012469,0.361037522,-0.042756227
NKIRAS2,0.436534977,-0.053068958,-0.000725629,0.856080909,0.486965591,-0.051087147
IRX6,0.438510808,-0.053309157,0.875449446,-0.0267267,-0.179033823,-0.053569701
TMEM139,0.443302212,-0.053891641,0.404445391,0.296846851,0.583088386,-0.061872461
RAB29,0.449672824,-0.054666108,0.161562538,0.71047444,0.076661413,-0.041303146
SCRN1,0.459652209,-0.055879288,0.329869563,0.569696093,0.473722357,-0.062866503
SEC14L1,0.461093334,-0.056054484,0.103575511,0.779595115,0.301735811,-0.048437736
SLC7A11,0.473416114,-0.057552547,0.768436863,-0.005666445,0.229357562,-0.062415674
EVPL,0.482936427,-0.058709919,0.486073736,0.69216161,0.085559786,-0.063705987
CARS2,0.483627447,-0.058793925,0.691848441,0.300064205,0.227769409,-0.068624317
COPG1,0.489315701,-0.059485438,0.331223945,0.170952191,0.658216894,-0.054803709
ZNF592,0.491145963,-0.059707941,0.527689924,0.040922037,0.535371193,-0.058955348
WBP2,0.493119035,-0.059947804,0.19213409,0.607824368,0.481185975,-0.054941663
CD109,0.499325093,-0.060702266,0.554869558,0.336933466,0.408697581,-0.067309468
IL32,0.502227096,-0.061055059,0.543448711,-0.109605968,0.634956781,-0.058120983
ASB7,0.504231219,-0.061298697,0.399731247,0.376410713,0.581018705,-0.06449249
ZHX1,0.505669753,-0.061473578,0.486488858,0.527070595,0.110500445,-0.058398717
EFTUD2,0.508029419,-0.061760439,0.069325937,0.691966859,0.493464271,-0.049999197
DCAF7,0.509956849,-0.061994754,0.318333147,0.549949296,0.47427262,-0.061326406
UNC45A,0.512862858,-0.062348034,0.460166506,0.21088874,0.660798611,-0.065466708
ALDH1B1,0.532047104,-0.064680236,0.809163278,0.259693603,0.040353999,-0.068179598
PLEKHG4,0.536010718,-0.065162087,0.544853235,0.543491417,0.290247361,-0.069961723
AARD,0.541484432,-0.065827519,0.683506903,0.406027592,0.254180114,-0.073079535
TACO1,0.548891388,-0.066727973,0.328164309,0.617564425,0.463643146,-0.064185761
NUP210,0.552138627,-0.067122735,0.66255622,0.186964096,0.43279413,-0.070069888
ACAT2,0.558490368,-0.067894907,0.830324116,0.314355852,-0.004790541,-0.070026222
RRAGD,0.559986075,-0.068076739,1.019013218,0.307928935,-0.010506753,-0.082798565
FBXO32,0.561093107,-0.068211319,0.724744149,0.073809018,0.526582848,-0.07369437
C16orf95,0.563492771,-0.068503043,1.04403645,-0.492230332,0.404066019,-0.069872052
MAGEF1,0.568749022,-0.069142038,0.59029693,0.265414071,0.669878371,-0.07701593
WASF1,0.570373551,-0.06933953,0.516333312,0.236419193,0.79508869,-0.075491615
RPTOR,0.572758884,-0.069629511,0.164238019,0.737052682,0.624601298,-0.063366245
CLMP,0.586460968,-0.071295255,0.632325323,0.26205553,0.291183769,-0.065416699
AKR1B1,0.590154794,-0.071744308,0.468126765,0.216006595,0.722829521,-0.06858181
FADS2,0.591239839,-0.071876216,0.619103979,0.419026494,0.539210958,-0.079910122
FN3KRP,0.613308884,-0.074559119,0.444476317,0.666040604,0.448472436,-0.073612062
SIGMAR1,0.6134519,-0.074576506,0.612111184,0.33476132,0.593942578,-0.078295121
USP13,0.616162829,-0.074906069,0.644053302,0.137344795,0.84289799,-0.082497953
POLG,0.627126376,-0.076238893,0.745668402,0.076735077,0.634191293,-0.079370732
OGFRL1,0.629232227,-0.076494898,0.716559766,0.188428582,0.688413948,-0.083646493
DHX36,0.629679743,-0.076549302,0.456749056,0.421550829,0.589740935,-0.070542606
LARP6,0.65681579,-0.079848194,0.981134346,0.08608878,0.527017605,-0.09216177
TEAD4,0.659352209,-0.080156543,0.988883211,-0.088228223,0.470177762,-0.083903715
CA13,0.678290954,-0.0824589,0.640535849,0.289784508,0.752396244,-0.084609597
IPO5,0.688483715,-0.08369802,0.734393124,0.69097239,0.462894125,-0.095445337
EXT1,0.691614053,-0.084078571,0.617836423,0.572702687,0.337266941,-0.077983362
TAF2,0.691836692,-0.084105637,0.545833303,0.658007319,0.372135327,-0.077508769
AEN,0.702127504,-0.085356677,0.773667633,0.14548257,0.71900003,-0.087181436
MLLT11,0.704957892,-0.085700763,0.591712477,0.28453778,0.860734707,-0.085110449
CKS2,0.750054775,-0.09118313,1.058660208,0.168535231,0.330841764,-0.093269079
GALNS,0.755108639,-0.091797521,0.968128434,-0.041007886,0.548711314,-0.087236193
MOCOS,0.757186308,-0.0920501,0.74513023,0.140212984,0.764104597,-0.086696577
GPX7,0.770718933,-0.093695243,0.794054633,0.509960674,0.76867008,-0.104380554
FAM135A,0.780346077,-0.094865601,0.803090725,0.463890276,0.774620042,-0.103486716
TK1,0.78748968,-0.09573404,0.903187752,0.483163193,0.51415068,-0.101323717
SQLE,0.78759148,-0.095746415,0.643962101,0.672438892,0.6360386,-0.094989471
ATP6V1E2,0.788659918,-0.095876304,0.878120831,0.222251857,0.809550641,-0.100878711
PRAME,0.799297267,-0.097169472,0.953913852,0.659820828,0.523334522,-0.111957789
PVR,0.840123353,-0.102132643,0.988136419,0.204140532,0.78608992,-0.107012331
UBE2E3,0.847980371,-0.10308781,0.917810557,0.412467986,0.675809402,-0.105812906
SNRPA1,0.873730711,-0.106218243,1.095753471,0.4257305,0.637972542,-0.117358175
MTBP,0.87927005,-0.106891653,0.89562235,0.609814917,0.565849715,-0.107583988
FANCI,0.879288492,-0.106893895,1.016734662,0.364515418,0.733871624,-0.113136407
FOXK2,0.88437351,-0.107512074,0.709747081,0.769675976,0.692823023,-0.105468194
PRC1,0.891767528,-0.108410954,1.220734362,0.20614195,0.651697802,-0.118285888
RCCD1,0.948693881,-0.115331413,1.221217351,0.117572797,0.896268801,-0.124259715
TEX30,0.951001433,-0.115611939,1.061475722,0.592231848,0.676232281,-0.122750438
TFDP1,0.958257446,-0.116494042,1.139950542,0.672903182,0.643332468,-0.13007364
HAPLN3,0.983679284,-0.11958454,1.418282671,0.087306587,0.787871067,-0.132802142
ALYREF,0.994861758,-0.120943978,1.071894706,0.646986968,0.688290595,-0.126025227
MFGE8,1.017346263,-0.123677389,1.408155007,0.382863985,0.783063091,-0.143162404
